<?xml version = '1.0' encoding = 'UTF-8'?>
<Entity class="oracle.dbtools.crest.model.design.logical.Entity" directorySegmentName="seg_0" id="1302937A-E3ED-E4C5-619F-ED6EB83358DD" name="Filme">
<createdBy>diana</createdBy>
<createdTime>2020-04-22 20:43:06 UTC</createdTime>
<ownerDesignName>trabalho bd</ownerDesignName>
<engineerTo>
<item key="E604CA7A-598A-6B04-4F4E-CE596DA98CBF" value="true"/>
</engineerTo>
<adequatelyNormalized>NO</adequatelyNormalized>
<expectedVolumes>0</expectedVolumes>
<fwdEngineeringStrategyName>Single Table</fwdEngineeringStrategyName>
<growthPercent>0</growthPercent>
<growthType>Year</growthType>
<maxVolumes>9999999</maxVolumes>
<minVolumes>0</minVolumes>
<normalForm>Third</normalForm>
<attributes itemClass="oracle.dbtools.crest.model.design.logical.Attribute">
<Attribute name="Data" id="85E61CE0-7289-4C3F-0F7D-8A180A1296AA">
<createdBy>diana</createdBy>
<createdTime>2020-04-22 20:43:24 UTC</createdTime>
<ownerDesignName>trabalho bd</ownerDesignName>
<engineerTo>
<item key="E604CA7A-598A-6B04-4F4E-CE596DA98CBF" value="true"/>
</engineerTo>
<use>0</use>
<ownDataTypeParameters>,,</ownDataTypeParameters>
</Attribute>
<Attribute name="Nome" id="4125D76F-EAAA-DABE-1152-3D43831C1EC2">
<createdBy>diana</createdBy>
<createdTime>2020-04-22 20:43:24 UTC</createdTime>
<ownerDesignName>trabalho bd</ownerDesignName>
<engineerTo>
<item key="E604CA7A-598A-6B04-4F4E-CE596DA98CBF" value="true"/>
</engineerTo>
<use>0</use>
<ownDataTypeParameters>,,</ownDataTypeParameters>
</Attribute>
<Attribute name="Empresa" id="38315F8B-5DE4-14A3-8164-29B152A4EAC1">
<createdBy>diana</createdBy>
<createdTime>2020-04-22 20:43:25 UTC</createdTime>
<ownerDesignName>trabalho bd</ownerDesignName>
<engineerTo>
<item key="E604CA7A-598A-6B04-4F4E-CE596DA98CBF" value="true"/>
</engineerTo>
<use>0</use>
<ownDataTypeParameters>,,</ownDataTypeParameters>
</Attribute>
<Attribute name="Elenco" id="98119B0F-73D8-5E2A-CC55-4474CC0BEEB6">
<createdBy>diana</createdBy>
<createdTime>2020-04-22 20:44:04 UTC</createdTime>
<ownerDesignName>trabalho bd</ownerDesignName>
<engineerTo>
<item key="E604CA7A-598A-6B04-4F4E-CE596DA98CBF" value="true"/>
</engineerTo>
<use>0</use>
<ownDataTypeParameters>,,</ownDataTypeParameters>
</Attribute>
<Attribute name="Gênero" id="212E6868-CABE-023F-437A-512E00D7D831">
<createdBy>diana</createdBy>
<createdTime>2020-04-22 20:44:19 UTC</createdTime>
<ownerDesignName>trabalho bd</ownerDesignName>
<engineerTo>
<item key="E604CA7A-598A-6B04-4F4E-CE596DA98CBF" value="true"/>
</engineerTo>
<use>0</use>
<ownDataTypeParameters>,,</ownDataTypeParameters>
</Attribute>
</attributes>
<identifiers itemClass="oracle.dbtools.crest.model.design.logical.CandidateKey">
<identifier id="CDEA38CB-552C-B092-CA4C-952F82FABC2F" name="Filme PK">
<createdBy>diana</createdBy>
<createdTime>2020-04-22 20:43:47 UTC</createdTime>
<ownerDesignName>trabalho bd</ownerDesignName>
<engineerTo>
<item key="E604CA7A-598A-6B04-4F4E-CE596DA98CBF" value="true"/>
</engineerTo>
<pk>true</pk>
<usedAttributes>
<attributeRef>4125D76F-EAAA-DABE-1152-3D43831C1EC2</attributeRef>
<attributeRef>38315F8B-5DE4-14A3-8164-29B152A4EAC1</attributeRef>
</usedAttributes>
</identifier>
</identifiers>
</Entity>