<?xml version = '1.0' encoding = 'UTF-8'?>
<Entity class="oracle.dbtools.crest.model.design.logical.Entity" directorySegmentName="seg_0" id="282DADCA-F384-4F51-7C25-E7BDD0B59A2F" name="Crítico_funcionário">
<createdBy>diana</createdBy>
<createdTime>2020-04-22 20:37:00 UTC</createdTime>
<ownerDesignName>trabalho bd</ownerDesignName>
<engineerTo>
<item key="E604CA7A-598A-6B04-4F4E-CE596DA98CBF" value="true"/>
</engineerTo>
<adequatelyNormalized>NO</adequatelyNormalized>
<expectedVolumes>0</expectedVolumes>
<fwdEngineeringStrategyName>Single Table</fwdEngineeringStrategyName>
<growthPercent>0</growthPercent>
<growthType>Year</growthType>
<hierarchicalParent>85AFC997-B3F4-EEFB-21DD-9AE2F2E8C18D</hierarchicalParent>
<maxVolumes>9999999</maxVolumes>
<minVolumes>0</minVolumes>
<normalForm>Third</normalForm>
<attributes itemClass="oracle.dbtools.crest.model.design.logical.Attribute">
<Attribute name="Matrícula" id="013E769A-D2A4-E292-F532-08816148E7F8">
<createdBy>diana</createdBy>
<createdTime>2020-04-22 20:37:25 UTC</createdTime>
<ownerDesignName>trabalho bd</ownerDesignName>
<engineerTo>
<item key="E604CA7A-598A-6B04-4F4E-CE596DA98CBF" value="true"/>
</engineerTo>
<use>0</use>
<ownDataTypeParameters>,,</ownDataTypeParameters>
</Attribute>
<Attribute name="Salário" id="E9390F49-6A74-7230-F60D-2D2C527BBF79">
<createdBy>diana</createdBy>
<createdTime>2020-04-22 20:37:26 UTC</createdTime>
<ownerDesignName>trabalho bd</ownerDesignName>
<engineerTo>
<item key="E604CA7A-598A-6B04-4F4E-CE596DA98CBF" value="true"/>
</engineerTo>
<use>0</use>
<ownDataTypeParameters>,,</ownDataTypeParameters>
</Attribute>
</attributes>
<identifiers itemClass="oracle.dbtools.crest.model.design.logical.CandidateKey">
<identifier id="B0BD9999-62AC-6424-49F6-9B204868768E" name="Crítico_funcionário PK">
<createdBy>diana</createdBy>
<createdTime>2020-04-22 21:28:07 UTC</createdTime>
<ownerDesignName>trabalho bd</ownerDesignName>
<engineerTo>
<item key="E604CA7A-598A-6B04-4F4E-CE596DA98CBF" value="true"/>
</engineerTo>
<pk>true</pk>
<usedAttributes>
<attributeRef>013E769A-D2A4-E292-F532-08816148E7F8</attributeRef>
</usedAttributes>
</identifier>
</identifiers>
</Entity>