<?xml version = '1.0' encoding = 'UTF-8'?>
<Entity class="oracle.dbtools.crest.model.design.logical.Entity" directorySegmentName="seg_0" id="5B833572-12A1-66BD-4E9B-3C810929397E" name="Funcionário_site">
<createdBy>diana</createdBy>
<createdTime>2020-04-22 21:11:14 UTC</createdTime>
<ownerDesignName>trabalho bd</ownerDesignName>
<engineerTo>
<item key="E604CA7A-598A-6B04-4F4E-CE596DA98CBF" value="true"/>
</engineerTo>
<adequatelyNormalized>NO</adequatelyNormalized>
<expectedVolumes>0</expectedVolumes>
<fwdEngineeringStrategyName>Single Table</fwdEngineeringStrategyName>
<growthPercent>0</growthPercent>
<growthType>Year</growthType>
<maxVolumes>9999999</maxVolumes>
<minVolumes>0</minVolumes>
<normalForm>Third</normalForm>
<attributes itemClass="oracle.dbtools.crest.model.design.logical.Attribute">
<Attribute name="CPF" id="40F3C9EB-3DFD-83DF-ECD0-8FCFEBC074DC">
<createdBy>diana</createdBy>
<createdTime>2020-04-22 21:16:26 UTC</createdTime>
<generatorID>4622C365-8A62-8F73-890B-D574915B0AAE</generatorID>
<ownerDesignName>trabalho bd</ownerDesignName>
<engineerTo>
<item key="E604CA7A-598A-6B04-4F4E-CE596DA98CBF" value="true"/>
</engineerTo>
<referedAttribute>EA891A05-099F-C7DE-3DD4-74D342D658EB</referedAttribute>
<use>0</use>
<ownDataTypeParameters>,,</ownDataTypeParameters>
</Attribute>
<Attribute name="IP" id="E7967938-28E9-2CE6-5F22-7C6FF71581FD">
<createdBy>diana</createdBy>
<createdTime>2020-04-22 21:27:54 UTC</createdTime>
<generatorID>55FAC6A6-FD6A-CA99-D3FA-1DA7B946E066</generatorID>
<ownerDesignName>trabalho bd</ownerDesignName>
<engineerTo>
<item key="E604CA7A-598A-6B04-4F4E-CE596DA98CBF" value="true"/>
</engineerTo>
<referedAttribute>07190D36-A8F2-488B-3696-E9578D152D24</referedAttribute>
<use>0</use>
<ownDataTypeParameters>,,</ownDataTypeParameters>
</Attribute>
</attributes>
</Entity>