<?xml version = '1.0' encoding = 'UTF-8'?>
<Entity class="oracle.dbtools.crest.model.design.logical.Entity" directorySegmentName="seg_0" id="64292151-7568-5C83-2BA7-E32DC2AC960B" name="Crítico_renomado">
<createdBy>diana</createdBy>
<createdTime>2020-04-22 20:38:00 UTC</createdTime>
<ownerDesignName>trabalho bd</ownerDesignName>
<engineerTo>
<item key="E604CA7A-598A-6B04-4F4E-CE596DA98CBF" value="true"/>
</engineerTo>
<adequatelyNormalized>NO</adequatelyNormalized>
<expectedVolumes>0</expectedVolumes>
<fwdEngineeringStrategyName>Single Table</fwdEngineeringStrategyName>
<growthPercent>0</growthPercent>
<growthType>Year</growthType>
<hierarchicalParent>85AFC997-B3F4-EEFB-21DD-9AE2F2E8C18D</hierarchicalParent>
<maxVolumes>9999999</maxVolumes>
<minVolumes>0</minVolumes>
<normalForm>Third</normalForm>
<attributes itemClass="oracle.dbtools.crest.model.design.logical.Attribute">
<Attribute name="Certificados" id="7A946877-592C-A1E7-0E0A-202A81670D80">
<createdBy>diana</createdBy>
<createdTime>2020-04-22 20:38:22 UTC</createdTime>
<ownerDesignName>trabalho bd</ownerDesignName>
<engineerTo>
<item key="E604CA7A-598A-6B04-4F4E-CE596DA98CBF" value="true"/>
</engineerTo>
<use>0</use>
<ownDataTypeParameters>,,</ownDataTypeParameters>
</Attribute>
<Attribute name="Comissão" id="CAD54858-DF03-BA2C-9142-41B4B5EC7F9C">
<createdBy>diana</createdBy>
<createdTime>2020-04-22 20:38:23 UTC</createdTime>
<ownerDesignName>trabalho bd</ownerDesignName>
<engineerTo>
<item key="E604CA7A-598A-6B04-4F4E-CE596DA98CBF" value="true"/>
</engineerTo>
<use>0</use>
<ownDataTypeParameters>,,</ownDataTypeParameters>
</Attribute>
</attributes>
<identifiers itemClass="oracle.dbtools.crest.model.design.logical.CandidateKey">
<identifier id="1F5B453D-ECC6-257E-294B-31B0E62A307F" name="Crítico_renomado PK">
<createdBy>diana</createdBy>
<createdTime>2020-04-22 21:28:12 UTC</createdTime>
<ownerDesignName>trabalho bd</ownerDesignName>
<engineerTo>
<item key="E604CA7A-598A-6B04-4F4E-CE596DA98CBF" value="true"/>
</engineerTo>
<pk>true</pk>
<usedAttributes>
<attributeRef>7A946877-592C-A1E7-0E0A-202A81670D80</attributeRef>
</usedAttributes>
</identifier>
</identifiers>
</Entity>