<?xml version = '1.0' encoding = 'UTF-8'?>
<Entity class="oracle.dbtools.crest.model.design.logical.Entity" directorySegmentName="seg_0" id="81DDFF14-8692-F133-E793-74FE1B146B88" name="Matéria">
<createdBy>diana</createdBy>
<createdTime>2020-04-22 20:40:07 UTC</createdTime>
<ownerDesignName>trabalho bd</ownerDesignName>
<engineerTo>
<item key="E604CA7A-598A-6B04-4F4E-CE596DA98CBF" value="true"/>
</engineerTo>
<adequatelyNormalized>NO</adequatelyNormalized>
<expectedVolumes>0</expectedVolumes>
<fwdEngineeringStrategyName>Single Table</fwdEngineeringStrategyName>
<growthPercent>0</growthPercent>
<growthType>Year</growthType>
<maxVolumes>9999999</maxVolumes>
<minVolumes>0</minVolumes>
<normalForm>Third</normalForm>
<attributes itemClass="oracle.dbtools.crest.model.design.logical.Attribute">
<Attribute name="Data" id="87E037AE-5E15-4116-6891-774547F547BC">
<createdBy>diana</createdBy>
<createdTime>2020-04-22 20:40:18 UTC</createdTime>
<ownerDesignName>trabalho bd</ownerDesignName>
<engineerTo>
<item key="E604CA7A-598A-6B04-4F4E-CE596DA98CBF" value="true"/>
</engineerTo>
<use>0</use>
<ownDataTypeParameters>,,</ownDataTypeParameters>
</Attribute>
<Attribute name="Hora" id="6608CA45-B97A-4134-025A-2C72E926E71D">
<createdBy>diana</createdBy>
<createdTime>2020-04-22 20:40:19 UTC</createdTime>
<ownerDesignName>trabalho bd</ownerDesignName>
<engineerTo>
<item key="E604CA7A-598A-6B04-4F4E-CE596DA98CBF" value="true"/>
</engineerTo>
<use>0</use>
<ownDataTypeParameters>,,</ownDataTypeParameters>
</Attribute>
<Attribute name="Visualizações" id="13B53655-CDA8-56E7-C817-C1ECA63C7904">
<createdBy>diana</createdBy>
<createdTime>2020-04-22 20:40:18 UTC</createdTime>
<ownerDesignName>trabalho bd</ownerDesignName>
<engineerTo>
<item key="E604CA7A-598A-6B04-4F4E-CE596DA98CBF" value="true"/>
</engineerTo>
<use>0</use>
<ownDataTypeParameters>,,</ownDataTypeParameters>
</Attribute>
<Attribute name="CPF" id="3DAB4054-DC3D-F76A-908E-B08DD9774FF1">
<createdBy>diana</createdBy>
<createdTime>2020-04-22 20:41:00 UTC</createdTime>
<generatorID>869A71AD-4CA8-6865-624C-84055816D531</generatorID>
<ownerDesignName>trabalho bd</ownerDesignName>
<engineerTo>
<item key="E604CA7A-598A-6B04-4F4E-CE596DA98CBF" value="true"/>
</engineerTo>
<referedAttribute>530337D2-0CD7-FAF8-9C9E-1DD5748CF65B</referedAttribute>
<use>0</use>
<ownDataTypeParameters>,,</ownDataTypeParameters>
</Attribute>
<Attribute name="Nome" id="9E32723F-F743-66ED-FBD6-591DC916850E">
<createdBy>diana</createdBy>
<createdTime>2020-04-22 20:45:44 UTC</createdTime>
<generatorID>A66ACBA0-A00C-01B0-A678-E175AB0E98DE</generatorID>
<ownerDesignName>trabalho bd</ownerDesignName>
<engineerTo>
<item key="E604CA7A-598A-6B04-4F4E-CE596DA98CBF" value="true"/>
</engineerTo>
<referedAttribute>4125D76F-EAAA-DABE-1152-3D43831C1EC2</referedAttribute>
<use>0</use>
<ownDataTypeParameters>,,</ownDataTypeParameters>
</Attribute>
<Attribute name="Empresa" id="A5D90A2F-C716-2F70-5AE0-70C0263B9A8B">
<createdBy>diana</createdBy>
<createdTime>2020-04-22 20:45:44 UTC</createdTime>
<generatorID>A66ACBA0-A00C-01B0-A678-E175AB0E98DE</generatorID>
<ownerDesignName>trabalho bd</ownerDesignName>
<engineerTo>
<item key="E604CA7A-598A-6B04-4F4E-CE596DA98CBF" value="true"/>
</engineerTo>
<referedAttribute>38315F8B-5DE4-14A3-8164-29B152A4EAC1</referedAttribute>
<use>0</use>
<ownDataTypeParameters>,,</ownDataTypeParameters>
</Attribute>
<Attribute name="IP" id="434861A5-71BC-0096-265A-4D409C8C56F4">
<createdBy>diana</createdBy>
<createdTime>2020-04-22 21:27:54 UTC</createdTime>
<generatorID>1DBC19AC-721E-E6BA-4386-6F1B0D9EF84E</generatorID>
<ownerDesignName>trabalho bd</ownerDesignName>
<engineerTo>
<item key="E604CA7A-598A-6B04-4F4E-CE596DA98CBF" value="true"/>
</engineerTo>
<referedAttribute>07190D36-A8F2-488B-3696-E9578D152D24</referedAttribute>
<use>0</use>
<ownDataTypeParameters>,,</ownDataTypeParameters>
</Attribute>
</attributes>
<identifiers itemClass="oracle.dbtools.crest.model.design.logical.CandidateKey">
<identifier id="6A09836F-3773-F9FE-D72C-059DDF8649AF" name="Matéria PK">
<createdBy>diana</createdBy>
<createdTime>2020-04-22 21:27:15 UTC</createdTime>
<ownerDesignName>trabalho bd</ownerDesignName>
<engineerTo>
<item key="E604CA7A-598A-6B04-4F4E-CE596DA98CBF" value="true"/>
</engineerTo>
<pk>true</pk>
<usedAttributes>
<attributeRef>87E037AE-5E15-4116-6891-774547F547BC</attributeRef>
<attributeRef>6608CA45-B97A-4134-025A-2C72E926E71D</attributeRef>
</usedAttributes>
</identifier>
</identifiers>
</Entity>