<?xml version = '1.0' encoding = 'UTF-8'?>
<Entity class="oracle.dbtools.crest.model.design.logical.Entity" directorySegmentName="seg_0" id="85AFC997-B3F4-EEFB-21DD-9AE2F2E8C18D" name="Crítico">
<createdBy>diana</createdBy>
<createdTime>2020-04-22 20:35:54 UTC</createdTime>
<ownerDesignName>trabalho bd</ownerDesignName>
<engineerTo>
<item key="E604CA7A-598A-6B04-4F4E-CE596DA98CBF" value="true"/>
</engineerTo>
<adequatelyNormalized>NO</adequatelyNormalized>
<expectedVolumes>0</expectedVolumes>
<fwdEngineeringStrategyName>Single Table</fwdEngineeringStrategyName>
<growthPercent>0</growthPercent>
<growthType>Year</growthType>
<maxVolumes>9999999</maxVolumes>
<minVolumes>0</minVolumes>
<normalForm>Third</normalForm>
<attributes itemClass="oracle.dbtools.crest.model.design.logical.Attribute">
<Attribute name="Nome" id="9C9EC855-892D-891B-FEC3-066E0160E8C2">
<createdBy>diana</createdBy>
<createdTime>2020-04-22 20:36:12 UTC</createdTime>
<ownerDesignName>trabalho bd</ownerDesignName>
<engineerTo>
<item key="E604CA7A-598A-6B04-4F4E-CE596DA98CBF" value="true"/>
</engineerTo>
<use>0</use>
<ownDataTypeParameters>,,</ownDataTypeParameters>
</Attribute>
<Attribute name="CPF" id="530337D2-0CD7-FAF8-9C9E-1DD5748CF65B">
<createdBy>diana</createdBy>
<createdTime>2020-04-22 20:36:12 UTC</createdTime>
<ownerDesignName>trabalho bd</ownerDesignName>
<engineerTo>
<item key="E604CA7A-598A-6B04-4F4E-CE596DA98CBF" value="true"/>
</engineerTo>
<use>0</use>
<ownDataTypeParameters>,,</ownDataTypeParameters>
</Attribute>
</attributes>
<identifiers itemClass="oracle.dbtools.crest.model.design.logical.CandidateKey">
<identifier id="3F4738FD-309C-E7C4-7103-646D1A96A1E8" name="Crítico PK">
<createdBy>diana</createdBy>
<createdTime>2020-04-22 20:36:28 UTC</createdTime>
<ownerDesignName>trabalho bd</ownerDesignName>
<engineerTo>
<item key="E604CA7A-598A-6B04-4F4E-CE596DA98CBF" value="true"/>
</engineerTo>
<pk>true</pk>
<usedAttributes>
<attributeRef>530337D2-0CD7-FAF8-9C9E-1DD5748CF65B</attributeRef>
</usedAttributes>
</identifier>
</identifiers>
</Entity>