<?xml version = '1.0' encoding = 'UTF-8'?>
<Entity class="oracle.dbtools.crest.model.design.logical.Entity" directorySegmentName="seg_0" id="CAFC9D56-BFBA-29D3-4FF4-065FC685751A" name="Avaliação">
<createdBy>diana</createdBy>
<createdTime>2020-04-22 20:45:54 UTC</createdTime>
<ownerDesignName>trabalho bd</ownerDesignName>
<engineerTo>
<item key="E604CA7A-598A-6B04-4F4E-CE596DA98CBF" value="true"/>
</engineerTo>
<adequatelyNormalized>NO</adequatelyNormalized>
<expectedVolumes>0</expectedVolumes>
<fwdEngineeringStrategyName>Single Table</fwdEngineeringStrategyName>
<growthPercent>0</growthPercent>
<growthType>Year</growthType>
<maxVolumes>9999999</maxVolumes>
<minVolumes>0</minVolumes>
<normalForm>Third</normalForm>
<attributes itemClass="oracle.dbtools.crest.model.design.logical.Attribute">
<Attribute name="Valor" id="EA597823-7EA5-0306-05D0-A535CDCC0959">
<createdBy>diana</createdBy>
<createdTime>2020-04-22 20:46:08 UTC</createdTime>
<ownerDesignName>trabalho bd</ownerDesignName>
<engineerTo>
<item key="E604CA7A-598A-6B04-4F4E-CE596DA98CBF" value="true"/>
</engineerTo>
<use>0</use>
<ownDataTypeParameters>,,</ownDataTypeParameters>
</Attribute>
<Attribute name="Data" id="C4E3EDC2-570F-4971-2631-3A96F82C4386">
<createdBy>diana</createdBy>
<createdTime>2020-04-22 20:46:08 UTC</createdTime>
<ownerDesignName>trabalho bd</ownerDesignName>
<engineerTo>
<item key="E604CA7A-598A-6B04-4F4E-CE596DA98CBF" value="true"/>
</engineerTo>
<use>0</use>
<ownDataTypeParameters>,,</ownDataTypeParameters>
</Attribute>
<Attribute name="Email" id="C8A7FBF7-5EB6-4ED6-8A0D-8ADED58BB3A0">
<createdBy>diana</createdBy>
<createdTime>2020-04-22 20:53:12 UTC</createdTime>
<generatorID>4F6B9BE2-16B0-5DF0-A156-9B19537CDC3D</generatorID>
<ownerDesignName>trabalho bd</ownerDesignName>
<engineerTo>
<item key="E604CA7A-598A-6B04-4F4E-CE596DA98CBF" value="true"/>
</engineerTo>
<referedAttribute>AC17B65D-5F05-A259-CE7C-971CEEC5CA5E</referedAttribute>
<use>0</use>
<ownDataTypeParameters>,,</ownDataTypeParameters>
</Attribute>
<Attribute name="Hora" id="307474EE-222E-E67D-19D0-B05DC8D1D60F">
<createdBy>diana</createdBy>
<createdTime>2020-04-22 20:57:16 UTC</createdTime>
<ownerDesignName>trabalho bd</ownerDesignName>
<engineerTo>
<item key="E604CA7A-598A-6B04-4F4E-CE596DA98CBF" value="true"/>
</engineerTo>
<use>0</use>
<ownDataTypeParameters>,,</ownDataTypeParameters>
</Attribute>
<Attribute name="Valor1" id="CC5317FA-EA38-2B47-1FEB-EA1953A126AE">
<createdBy>diana</createdBy>
<createdTime>2020-04-22 21:17:52 UTC</createdTime>
<generatorID>936570C3-EAE0-6A5F-8C7D-8DA7C85662D4</generatorID>
<ownerDesignName>trabalho bd</ownerDesignName>
<engineerTo>
<item key="E604CA7A-598A-6B04-4F4E-CE596DA98CBF" value="true"/>
</engineerTo>
<nullsAllowed>true</nullsAllowed>
<referedAttribute>AEFFC9A0-7ACD-DA7C-C952-9F492BF89403</referedAttribute>
<use>0</use>
<ownDataTypeParameters>,,</ownDataTypeParameters>
</Attribute>
<Attribute name="Data1" id="5FF74518-2B9A-E3E3-1A34-3A9B8BD2DE8F">
<createdBy>diana</createdBy>
<createdTime>2020-04-22 21:27:23 UTC</createdTime>
<generatorID>0680A972-1E0B-0900-58B0-EEF0D7A9BD67</generatorID>
<ownerDesignName>trabalho bd</ownerDesignName>
<engineerTo>
<item key="E604CA7A-598A-6B04-4F4E-CE596DA98CBF" value="true"/>
</engineerTo>
<referedAttribute>87E037AE-5E15-4116-6891-774547F547BC</referedAttribute>
<use>0</use>
<ownDataTypeParameters>,,</ownDataTypeParameters>
</Attribute>
<Attribute name="Hora1" id="97A699A1-2FF2-8FE7-16F3-9635A2061ED0">
<createdBy>diana</createdBy>
<createdTime>2020-04-22 21:27:23 UTC</createdTime>
<generatorID>0680A972-1E0B-0900-58B0-EEF0D7A9BD67</generatorID>
<ownerDesignName>trabalho bd</ownerDesignName>
<engineerTo>
<item key="E604CA7A-598A-6B04-4F4E-CE596DA98CBF" value="true"/>
</engineerTo>
<referedAttribute>6608CA45-B97A-4134-025A-2C72E926E71D</referedAttribute>
<use>0</use>
<ownDataTypeParameters>,,</ownDataTypeParameters>
</Attribute>
</attributes>
<identifiers itemClass="oracle.dbtools.crest.model.design.logical.CandidateKey">
<identifier id="EFDE62D7-F117-DBDA-8216-D060313DF9B6" name="Avaliação PK">
<createdBy>diana</createdBy>
<createdTime>2020-04-22 21:27:41 UTC</createdTime>
<ownerDesignName>trabalho bd</ownerDesignName>
<engineerTo>
<item key="E604CA7A-598A-6B04-4F4E-CE596DA98CBF" value="true"/>
</engineerTo>
<pk>true</pk>
<usedAttributes>
<attributeRef>C4E3EDC2-570F-4971-2631-3A96F82C4386</attributeRef>
<attributeRef>307474EE-222E-E67D-19D0-B05DC8D1D60F</attributeRef>
</usedAttributes>
</identifier>
</identifiers>
</Entity>