<?xml version = '1.0' encoding = 'UTF-8'?>
<Entity class="oracle.dbtools.crest.model.design.logical.Entity" directorySegmentName="seg_0" id="F1CEC809-0FCF-5B78-FDD6-18420674B865" name="Funcionário_TI">
<createdBy>diana</createdBy>
<createdTime>2020-04-22 21:10:32 UTC</createdTime>
<ownerDesignName>trabalho bd</ownerDesignName>
<engineerTo>
<item key="E604CA7A-598A-6B04-4F4E-CE596DA98CBF" value="true"/>
</engineerTo>
<adequatelyNormalized>NO</adequatelyNormalized>
<expectedVolumes>0</expectedVolumes>
<fwdEngineeringStrategyName>Single Table</fwdEngineeringStrategyName>
<growthPercent>0</growthPercent>
<growthType>Year</growthType>
<maxVolumes>9999999</maxVolumes>
<minVolumes>0</minVolumes>
<normalForm>Third</normalForm>
<attributes itemClass="oracle.dbtools.crest.model.design.logical.Attribute">
<Attribute name="Nome" id="D37A660D-369D-7297-9336-0241DC5677AE">
<createdBy>diana</createdBy>
<createdTime>2020-04-22 21:10:32 UTC</createdTime>
<ownerDesignName>trabalho bd</ownerDesignName>
<importedID>FC3D80D8-6773-38AC-65A1-7C19CDBA52BC</importedID>
<engineerTo>
<item key="E604CA7A-598A-6B04-4F4E-CE596DA98CBF" value="true"/>
</engineerTo>
<use>0</use>
<ownDataTypeParameters>,,</ownDataTypeParameters>
</Attribute>
<Attribute name="Matrícula" id="A4AC880D-28D3-F21C-93B3-6635F904E78D">
<createdBy>diana</createdBy>
<createdTime>2020-04-22 21:10:32 UTC</createdTime>
<ownerDesignName>trabalho bd</ownerDesignName>
<importedID>ABC7557B-A114-9146-DBC7-BC158CEB1C76</importedID>
<engineerTo>
<item key="E604CA7A-598A-6B04-4F4E-CE596DA98CBF" value="true"/>
</engineerTo>
<use>0</use>
<ownDataTypeParameters>,,</ownDataTypeParameters>
</Attribute>
<Attribute name="Salário " id="43DAE189-1416-58A3-4847-2F3A2B1B1113">
<createdBy>diana</createdBy>
<createdTime>2020-04-22 21:10:32 UTC</createdTime>
<ownerDesignName>trabalho bd</ownerDesignName>
<importedID>CA85695F-6184-2F2E-043B-9C9F31738946</importedID>
<engineerTo>
<item key="E604CA7A-598A-6B04-4F4E-CE596DA98CBF" value="true"/>
</engineerTo>
<nullsAllowed>true</nullsAllowed>
<use>0</use>
<ownDataTypeParameters>,,</ownDataTypeParameters>
</Attribute>
<Attribute name="Números_reparos" id="BD345EA2-8B7C-CBE4-87C2-89B7C0EDD70D">
<createdBy>diana</createdBy>
<createdTime>2020-04-22 21:10:32 UTC</createdTime>
<ownerDesignName>trabalho bd</ownerDesignName>
<importedID>A15E3877-94D2-83CE-FEDA-6EBF2F8A97F5</importedID>
<engineerTo>
<item key="E604CA7A-598A-6B04-4F4E-CE596DA98CBF" value="true"/>
</engineerTo>
<nullsAllowed>true</nullsAllowed>
<use>0</use>
<ownDataTypeParameters>,,</ownDataTypeParameters>
</Attribute>
<Attribute name="CPF" id="EA891A05-099F-C7DE-3DD4-74D342D658EB">
<createdBy>diana</createdBy>
<createdTime>2020-04-22 21:10:32 UTC</createdTime>
<ownerDesignName>trabalho bd</ownerDesignName>
<importedID>DBA3A0F0-BA3F-A7B9-50AC-0628CFF65FEF</importedID>
<engineerTo>
<item key="E604CA7A-598A-6B04-4F4E-CE596DA98CBF" value="true"/>
</engineerTo>
<use>0</use>
<ownDataTypeParameters>,,</ownDataTypeParameters>
</Attribute>
</attributes>
<identifiers itemClass="oracle.dbtools.crest.model.design.logical.CandidateKey">
<identifier id="BF5FBC86-E469-1B5B-A624-6E8052775AAD" name="Funcionário_TI PK">
<createdBy>diana</createdBy>
<createdTime>2020-04-22 21:10:32 UTC</createdTime>
<ownerDesignName>trabalho bd</ownerDesignName>
<engineerTo>
<item key="E604CA7A-598A-6B04-4F4E-CE596DA98CBF" value="true"/>
</engineerTo>
<pk>true</pk>
<usedAttributes>
<attributeRef>EA891A05-099F-C7DE-3DD4-74D342D658EB</attributeRef>
</usedAttributes>
</identifier>
</identifiers>
</Entity>