<?xml version = '1.0' encoding = 'UTF-8'?>
<Relation class="oracle.dbtools.crest.model.design.logical.Relation" name="Matéria_avaliação" directorySegmentName="seg_0" id="0680A972-1E0B-0900-58B0-EEF0D7A9BD67">
<createdBy>diana</createdBy>
<createdTime>2020-04-22 20:51:47 UTC</createdTime>
<ownerDesignName>trabalho bd</ownerDesignName>
<engineerTo>
<item key="E604CA7A-598A-6B04-4F4E-CE596DA98CBF" value="true"/>
</engineerTo>
<sourcePk>6A09836F-3773-F9FE-D72C-059DDF8649AF</sourcePk>
<identifying>false</identifying>
<optionalSource>true</optionalSource>
<optionalTarget>false</optionalTarget>
<sourceCardinality>1</sourceCardinality>
<sourceEntity>81DDFF14-8692-F133-E793-74FE1B146B88</sourceEntity>
<targetCardinalityString>*</targetCardinalityString>
<targetEntity>CAFC9D56-BFBA-29D3-4FF4-065FC685751A</targetEntity>
<transferable>true</transferable>
<deleteRule>NO ACTION</deleteRule>
</Relation>