<?xml version = '1.0' encoding = 'UTF-8'?>
<Relation class="oracle.dbtools.crest.model.design.logical.Relation" name="Matéria_site" directorySegmentName="seg_0" id="1DBC19AC-721E-E6BA-4386-6F1B0D9EF84E">
<createdBy>diana</createdBy>
<createdTime>2020-04-22 21:12:40 UTC</createdTime>
<ownerDesignName>trabalho bd</ownerDesignName>
<engineerTo>
<item key="E604CA7A-598A-6B04-4F4E-CE596DA98CBF" value="true"/>
</engineerTo>
<targetPk>0B939E9D-A162-4F89-DC72-04A0748F1538</targetPk>
<identifying>false</identifying>
<optionalSource>false</optionalSource>
<optionalTarget>true</optionalTarget>
<sourceCardinality>*</sourceCardinality>
<sourceEntity>81DDFF14-8692-F133-E793-74FE1B146B88</sourceEntity>
<targetCardinalityString>1</targetCardinalityString>
<targetEntity>26C501EE-7C1A-4130-F68B-82A57462F987</targetEntity>
<transferable>true</transferable>
<deleteRule>NO ACTION</deleteRule>
</Relation>