<?xml version = '1.0' encoding = 'UTF-8'?>
<Relation class="oracle.dbtools.crest.model.design.logical.Relation" name="TI_fsite" directorySegmentName="seg_0" id="4622C365-8A62-8F73-890B-D574915B0AAE">
<createdBy>diana</createdBy>
<createdTime>2020-04-22 21:16:00 UTC</createdTime>
<ownerDesignName>trabalho bd</ownerDesignName>
<engineerTo>
<item key="E604CA7A-598A-6B04-4F4E-CE596DA98CBF" value="true"/>
</engineerTo>
<sourcePk>BF5FBC86-E469-1B5B-A624-6E8052775AAD</sourcePk>
<identifying>false</identifying>
<optionalSource>true</optionalSource>
<optionalTarget>false</optionalTarget>
<sourceCardinality>1</sourceCardinality>
<sourceEntity>F1CEC809-0FCF-5B78-FDD6-18420674B865</sourceEntity>
<targetCardinalityString>*</targetCardinalityString>
<targetEntity>5B833572-12A1-66BD-4E9B-3C810929397E</targetEntity>
<transferable>true</transferable>
<deleteRule>NO ACTION</deleteRule>
</Relation>