<?xml version = '1.0' encoding = 'UTF-8'?>
<Relation class="oracle.dbtools.crest.model.design.logical.Relation" name="Avaliação_Usuário" directorySegmentName="seg_0" id="4F6B9BE2-16B0-5DF0-A156-9B19537CDC3D">
<createdBy>diana</createdBy>
<createdTime>2020-04-22 20:52:55 UTC</createdTime>
<ownerDesignName>trabalho bd</ownerDesignName>
<engineerTo>
<item key="E604CA7A-598A-6B04-4F4E-CE596DA98CBF" value="true"/>
</engineerTo>
<targetPk>032E8F96-6FDC-557E-694A-8CA860016331</targetPk>
<identifying>false</identifying>
<optionalSource>false</optionalSource>
<optionalTarget>true</optionalTarget>
<sourceCardinality>*</sourceCardinality>
<sourceEntity>CAFC9D56-BFBA-29D3-4FF4-065FC685751A</sourceEntity>
<targetCardinalityString>1</targetCardinalityString>
<targetEntity>FB0E76A6-B512-9D22-81F9-EBFD8DB4988C</targetEntity>
<transferable>true</transferable>
<deleteRule>NO ACTION</deleteRule>
</Relation>