<?xml version = '1.0' encoding = 'UTF-8'?>
<Relation class="oracle.dbtools.crest.model.design.logical.Relation" name="Funcionário_site" directorySegmentName="seg_0" id="55FAC6A6-FD6A-CA99-D3FA-1DA7B946E066">
<createdBy>diana</createdBy>
<createdTime>2020-04-22 21:14:00 UTC</createdTime>
<ownerDesignName>trabalho bd</ownerDesignName>
<engineerTo>
<item key="E604CA7A-598A-6B04-4F4E-CE596DA98CBF" value="true"/>
</engineerTo>
<targetPk>0B939E9D-A162-4F89-DC72-04A0748F1538</targetPk>
<identifying>false</identifying>
<optionalSource>false</optionalSource>
<optionalTarget>false</optionalTarget>
<sourceCardinality>*</sourceCardinality>
<sourceEntity>5B833572-12A1-66BD-4E9B-3C810929397E</sourceEntity>
<targetCardinalityString>1</targetCardinalityString>
<targetEntity>26C501EE-7C1A-4130-F68B-82A57462F987</targetEntity>
<transferable>true</transferable>
<deleteRule>NO ACTION</deleteRule>
</Relation>