<?xml version = '1.0' encoding = 'UTF-8'?>
<Relation class="oracle.dbtools.crest.model.design.logical.Relation" name="Relation_1" directorySegmentName="seg_0" id="869A71AD-4CA8-6865-624C-84055816D531">
<createdBy>diana</createdBy>
<createdTime>2020-04-22 20:40:54 UTC</createdTime>
<ownerDesignName>trabalho bd</ownerDesignName>
<engineerTo>
<item key="E604CA7A-598A-6B04-4F4E-CE596DA98CBF" value="true"/>
</engineerTo>
<sourcePk>3F4738FD-309C-E7C4-7103-646D1A96A1E8</sourcePk>
<identifying>false</identifying>
<optionalSource>true</optionalSource>
<optionalTarget>false</optionalTarget>
<sourceCardinality>1</sourceCardinality>
<sourceEntity>85AFC997-B3F4-EEFB-21DD-9AE2F2E8C18D</sourceEntity>
<targetCardinalityString>*</targetCardinalityString>
<targetEntity>81DDFF14-8692-F133-E793-74FE1B146B88</targetEntity>
<transferable>true</transferable>
<deleteRule>NO ACTION</deleteRule>
</Relation>