<?xml version = '1.0' encoding = 'UTF-8'?>
<Relation class="oracle.dbtools.crest.model.design.logical.Relation" name="Avaliação_classificação" directorySegmentName="seg_0" id="936570C3-EAE0-6A5F-8C7D-8DA7C85662D4">
<createdBy>diana</createdBy>
<createdTime>2020-04-22 21:17:13 UTC</createdTime>
<ownerDesignName>trabalho bd</ownerDesignName>
<engineerTo>
<item key="E604CA7A-598A-6B04-4F4E-CE596DA98CBF" value="true"/>
</engineerTo>
<targetPk>2A3D247B-5D0B-2382-3A1C-A518D08125CE</targetPk>
<identifying>false</identifying>
<optionalSource>true</optionalSource>
<optionalTarget>false</optionalTarget>
<sourceCardinality>*</sourceCardinality>
<sourceEntity>CAFC9D56-BFBA-29D3-4FF4-065FC685751A</sourceEntity>
<targetCardinalityString>1</targetCardinalityString>
<targetEntity>C262A775-FB83-1279-795A-D5FD959D5E94</targetEntity>
<transferable>true</transferable>
<deleteRule>NO ACTION</deleteRule>
</Relation>