<?xml version = '1.0' encoding = 'UTF-8'?>
<Relation class="oracle.dbtools.crest.model.design.logical.Relation" name="Matéria_filme" directorySegmentName="seg_0" id="A66ACBA0-A00C-01B0-A678-E175AB0E98DE">
<createdBy>diana</createdBy>
<createdTime>2020-04-22 20:44:59 UTC</createdTime>
<ownerDesignName>trabalho bd</ownerDesignName>
<engineerTo>
<item key="E604CA7A-598A-6B04-4F4E-CE596DA98CBF" value="true"/>
</engineerTo>
<targetPk>CDEA38CB-552C-B092-CA4C-952F82FABC2F</targetPk>
<identifying>false</identifying>
<optionalSource>false</optionalSource>
<optionalTarget>true</optionalTarget>
<sourceCardinality>1</sourceCardinality>
<sourceEntity>81DDFF14-8692-F133-E793-74FE1B146B88</sourceEntity>
<targetCardinalityString>1</targetCardinalityString>
<targetEntity>1302937A-E3ED-E4C5-619F-ED6EB83358DD</targetEntity>
<transferable>true</transferable>
<deleteRule>NO ACTION</deleteRule>
</Relation>