<?xml version = '1.0' encoding = 'UTF-8'?>
<Diagram class="oracle.dbtools.crest.swingui.logical.DPVLogical" name="Logical" id="12675B77-9BDB-B4B8-C36B-289E4BC69BB0">
<createdBy>diana</createdBy>
<modifiedBy>diana</modifiedBy>
<createdTime>2020-04-22 20:35:54 UTC</createdTime>
<autoRoute>false</autoRoute>
<boxInbox>true</boxInbox>
<showLegend>false</showLegend>
<showLabels>false</showLabels>
<showRelAttributes>false</showRelAttributes>
<gridEnabled>false</gridEnabled>
<showGrid>false</showGrid>
<diagramColor>-1</diagramColor>
<display>false</display>
<notation>1</notation>
<objectViews>
<OView class="oracle.dbtools.crest.swingui.logical.TVEntity" oid="1302937A-E3ED-E4C5-619F-ED6EB83358DD" otype="Entity" vid="17486A8A-CAE7-1653-D2C0-C8D4CF656A65">
<hideElementsInCurrentOnly>false</hideElementsInCurrentOnly>
<bounds x="501" y="17" width="132" height="110"/>
</OView>
<OView class="oracle.dbtools.crest.swingui.logical.TVEntity" oid="26C501EE-7C1A-4130-F68B-82A57462F987" otype="Entity" vid="1E2D397A-3A46-29A1-586D-D90C42AD4E8E">
<hideElementsInCurrentOnly>false</hideElementsInCurrentOnly>
<bounds x="281" y="332" width="122" height="108"/>
</OView>
<OView class="oracle.dbtools.crest.swingui.logical.TVEntity" oid="282DADCA-F384-4F51-7C25-E7BDD0B59A2F" otype="Entity" vid="756C064E-BC92-E7D7-4615-E748290CDA21">
<hideElementsInCurrentOnly>false</hideElementsInCurrentOnly>
<bounds x="34" y="186" width="187" height="82"/>
</OView>
<OView class="oracle.dbtools.crest.swingui.logical.TVEntity" oid="5B833572-12A1-66BD-4E9B-3C810929397E" otype="Entity" vid="B9175884-92CC-CF27-D6CD-839558FD3ECB">
<hideElementsInCurrentOnly>false</hideElementsInCurrentOnly>
<bounds x="128" y="461" width="156" height="104"/>
</OView>
<OView class="oracle.dbtools.crest.swingui.logical.TVEntity" oid="64292151-7568-5C83-2BA7-E32DC2AC960B" otype="Entity" vid="0D286117-C2FC-F89C-E8E2-1E8BFC9DEDED">
<hideElementsInCurrentOnly>false</hideElementsInCurrentOnly>
<bounds x="36" y="80" width="186" height="93"/>
</OView>
<OView class="oracle.dbtools.crest.swingui.logical.TVEntity" oid="81DDFF14-8692-F133-E793-74FE1B146B88" otype="Entity" vid="4DB799BB-7DCB-EFC0-7967-5B2EDF9C51A9">
<hideElementsInCurrentOnly>false</hideElementsInCurrentOnly>
<bounds x="280" y="170" width="122" height="110"/>
</OView>
<OView class="oracle.dbtools.crest.swingui.logical.TVEntity" oid="85AFC997-B3F4-EEFB-21DD-9AE2F2E8C18D" otype="Entity" vid="E46E14AE-6FE8-CED6-3FB2-CA3E77D74BF5">
<hideElementsInCurrentOnly>false</hideElementsInCurrentOnly>
<bounds x="3" y="16" width="246" height="262"/>
<useCustomFormat>true</useCustomFormat>
<useDefaultColor>false</useDefaultColor>
<backgroundColor>-13108</backgroundColor>
<foregroundColor>-16776961</foregroundColor>
<fonts itemClass="oracle.dbtools.crest.model.design.FontObjectWr">
<FontObject>
<foType>Título</foType>
<fontStyle>1</fontStyle>
<colorRGB>-16776961</colorRGB>
</FontObject>
<FontObject>
<foType>Atributo</foType>
<colorRGB>-16777216</colorRGB>
</FontObject>
<FontObject>
<foType>Tipo de dados</foType>
<colorRGB>-16744448</colorRGB>
</FontObject>
<FontObject>
<foType>Elemento da Chave Primária</foType>
<colorRGB>-16776961</colorRGB>
</FontObject>
<FontObject>
<foType>Elemento da Chave Estrangeira</foType>
<colorRGB>-16777216</colorRGB>
</FontObject>
<FontObject>
<foType>Elemento de Chave Exclusiva</foType>
<colorRGB>-16776961</colorRGB>
</FontObject>
<FontObject>
<foType>NOT NULL</foType>
<colorRGB>-65536</colorRGB>
</FontObject>
<FontObject>
<foType>Chave</foType>
<colorRGB>-16777216</colorRGB>
</FontObject>
<FontObject>
<foType>Comentários</foType>
<colorRGB>-12566464</colorRGB>
</FontObject>
</fonts>
</OView>
<OView class="oracle.dbtools.crest.swingui.logical.TVEntity" oid="C262A775-FB83-1279-795A-D5FD959D5E94" otype="Entity" vid="C76AFD8D-5901-43FB-EB3A-87B7515E25F9">
<hideElementsInCurrentOnly>false</hideElementsInCurrentOnly>
<bounds x="484" y="432" width="153" height="99"/>
</OView>
<OView class="oracle.dbtools.crest.swingui.logical.TVEntity" oid="CAFC9D56-BFBA-29D3-4FF4-065FC685751A" otype="Entity" vid="84F42B1C-663C-F739-7E50-D17C4FC4D32D">
<hideElementsInCurrentOnly>false</hideElementsInCurrentOnly>
<bounds x="490" y="167" width="148" height="110"/>
</OView>
<OView class="oracle.dbtools.crest.swingui.logical.TVEntity" oid="F1CEC809-0FCF-5B78-FDD6-18420674B865" otype="Entity" vid="61F9A7C9-5C6D-C2E3-5CA4-63DADE7E9369">
<hideElementsInCurrentOnly>false</hideElementsInCurrentOnly>
<bounds x="10" y="324" width="123" height="110"/>
</OView>
<OView class="oracle.dbtools.crest.swingui.logical.TVEntity" oid="FB0E76A6-B512-9D22-81F9-EBFD8DB4988C" otype="Entity" vid="EF60CA7E-2F1F-BCE1-63A4-27F354E69D65">
<hideElementsInCurrentOnly>false</hideElementsInCurrentOnly>
<bounds x="742" y="169" width="142" height="103"/>
</OView>
</objectViews>
<connectors>
<Connector class="oracle.dbtools.crest.swingui.logical.TVRelation" oid="0680A972-1E0B-0900-58B0-EEF0D7A9BD67" otype="Relation" vid_source="4DB799BB-7DCB-EFC0-7967-5B2EDF9C51A9" vid_target="84F42B1C-663C-F739-7E50-D17C4FC4D32D">
<hideElementsInCurrentOnly>false</hideElementsInCurrentOnly>
<backgroundColor>-16777216</backgroundColor>
<lineWidth>1</lineWidth>
<points>
<point x="402" y="223"/>
<point x="490" y="223"/>
</points>
</Connector>
<Connector class="oracle.dbtools.crest.swingui.logical.TVRelation" oid="1DBC19AC-721E-E6BA-4386-6F1B0D9EF84E" otype="Relation" vid_source="4DB799BB-7DCB-EFC0-7967-5B2EDF9C51A9" vid_target="1E2D397A-3A46-29A1-586D-D90C42AD4E8E">
<hideElementsInCurrentOnly>false</hideElementsInCurrentOnly>
<backgroundColor>-16777216</backgroundColor>
<lineWidth>1</lineWidth>
<points>
<point x="341" y="280"/>
<point x="341" y="332"/>
</points>
</Connector>
<Connector class="oracle.dbtools.crest.swingui.logical.TVInheritanceRelation" oid="284F3856-21B8-AAEA-EA60-32D7AE609A54" otype="Hierarchy relation" vid_source="E46E14AE-6FE8-CED6-3FB2-CA3E77D74BF5" vid_target="756C064E-BC92-E7D7-4615-E748290CDA21">
<hideElementsInCurrentOnly>false</hideElementsInCurrentOnly>
<backgroundColor>-65536</backgroundColor>
<lineWidth>1</lineWidth>
</Connector>
<Connector class="oracle.dbtools.crest.swingui.logical.TVInheritanceRelation" oid="29A4C4CB-DFCB-7C2F-241E-4D9AD42070ED" otype="Hierarchy relation" vid_source="E46E14AE-6FE8-CED6-3FB2-CA3E77D74BF5" vid_target="0D286117-C2FC-F89C-E8E2-1E8BFC9DEDED">
<hideElementsInCurrentOnly>false</hideElementsInCurrentOnly>
<backgroundColor>-65536</backgroundColor>
<lineWidth>1</lineWidth>
</Connector>
<Connector class="oracle.dbtools.crest.swingui.logical.TVRelation" oid="4622C365-8A62-8F73-890B-D574915B0AAE" otype="Relation" vid_source="61F9A7C9-5C6D-C2E3-5CA4-63DADE7E9369" vid_target="B9175884-92CC-CF27-D6CD-839558FD3ECB">
<hideElementsInCurrentOnly>false</hideElementsInCurrentOnly>
<backgroundColor>-16777216</backgroundColor>
<lineWidth>1</lineWidth>
<points>
<point x="50" y="434"/>
<point x="50" y="507"/>
<point x="128" y="507"/>
</points>
</Connector>
<Connector class="oracle.dbtools.crest.swingui.logical.TVRelation" oid="4F6B9BE2-16B0-5DF0-A156-9B19537CDC3D" otype="Relation" vid_source="84F42B1C-663C-F739-7E50-D17C4FC4D32D" vid_target="EF60CA7E-2F1F-BCE1-63A4-27F354E69D65">
<hideElementsInCurrentOnly>false</hideElementsInCurrentOnly>
<backgroundColor>-16777216</backgroundColor>
<lineWidth>1</lineWidth>
<points>
<point x="638" y="220"/>
<point x="742" y="220"/>
</points>
</Connector>
<Connector class="oracle.dbtools.crest.swingui.logical.TVRelation" oid="55FAC6A6-FD6A-CA99-D3FA-1DA7B946E066" otype="Relation" vid_source="B9175884-92CC-CF27-D6CD-839558FD3ECB" vid_target="1E2D397A-3A46-29A1-586D-D90C42AD4E8E">
<hideElementsInCurrentOnly>false</hideElementsInCurrentOnly>
<backgroundColor>-16777216</backgroundColor>
<lineWidth>1</lineWidth>
<points>
<point x="284" y="512"/>
<point x="346" y="512"/>
<point x="346" y="440"/>
</points>
</Connector>
<Connector class="oracle.dbtools.crest.swingui.logical.TVRelation" oid="869A71AD-4CA8-6865-624C-84055816D531" otype="Relation" vid_source="E46E14AE-6FE8-CED6-3FB2-CA3E77D74BF5" vid_target="4DB799BB-7DCB-EFC0-7967-5B2EDF9C51A9">
<hideElementsInCurrentOnly>false</hideElementsInCurrentOnly>
<backgroundColor>-16777216</backgroundColor>
<lineWidth>1</lineWidth>
<points>
<point x="249" y="37"/>
<point x="315" y="37"/>
<point x="315" y="170"/>
</points>
</Connector>
<Connector class="oracle.dbtools.crest.swingui.logical.TVRelation" oid="936570C3-EAE0-6A5F-8C7D-8DA7C85662D4" otype="Relation" vid_source="84F42B1C-663C-F739-7E50-D17C4FC4D32D" vid_target="C76AFD8D-5901-43FB-EB3A-87B7515E25F9">
<hideElementsInCurrentOnly>false</hideElementsInCurrentOnly>
<backgroundColor>-16777216</backgroundColor>
<lineWidth>1</lineWidth>
<points>
<point x="563" y="277"/>
<point x="563" y="432"/>
</points>
</Connector>
<Connector class="oracle.dbtools.crest.swingui.logical.TVRelation" oid="A66ACBA0-A00C-01B0-A678-E175AB0E98DE" otype="Relation" vid_source="4DB799BB-7DCB-EFC0-7967-5B2EDF9C51A9" vid_target="17486A8A-CAE7-1653-D2C0-C8D4CF656A65">
<hideElementsInCurrentOnly>false</hideElementsInCurrentOnly>
<backgroundColor>-16777216</backgroundColor>
<lineWidth>1</lineWidth>
<points>
<point x="381" y="170"/>
<point x="381" y="37"/>
<point x="501" y="37"/>
</points>
</Connector>
</connectors>
</Diagram>