<?xml version = '1.0' encoding = 'UTF-8'?>
<InheritanceRelation class="oracle.dbtools.crest.model.design.logical.InheritanceRelation" name="Hierarchy_2" directorySegmentName="seg_0" id="284F3856-21B8-AAEA-EA60-32D7AE609A54">
<createdBy>diana</createdBy>
<createdTime>2020-04-22 20:39:21 UTC</createdTime>
<ownerDesignName>22222</ownerDesignName>
<engineerTo>
<item key="E604CA7A-598A-6B04-4F4E-CE596DA98CBF" value="true"/>
</engineerTo>
<identifying>false</identifying>
<nameOnSource>Super Type</nameOnSource>
<nameOnTarget>Sub Type</nameOnTarget>
<optionalSource>true</optionalSource>
<optionalTarget>true</optionalTarget>
<sourceEntity>85AFC997-B3F4-EEFB-21DD-9AE2F2E8C18D</sourceEntity>
<targetEntity>282DADCA-F384-4F51-7C25-E7BDD0B59A2F</targetEntity>
<transferable>true</transferable>
<deleteRule>NO ACTION</deleteRule>
</InheritanceRelation>