<?xml version = '1.0' encoding = 'UTF-8'?>
<InheritanceRelation class="oracle.dbtools.crest.model.design.logical.InheritanceRelation" name="Hierarchy_1" directorySegmentName="seg_0" id="29A4C4CB-DFCB-7C2F-241E-4D9AD42070ED">
<createdBy>diana</createdBy>
<createdTime>2020-04-22 20:39:15 UTC</createdTime>
<ownerDesignName>22222</ownerDesignName>
<engineerTo>
<item key="E604CA7A-598A-6B04-4F4E-CE596DA98CBF" value="true"/>
</engineerTo>
<identifying>false</identifying>
<nameOnSource>Super Type</nameOnSource>
<nameOnTarget>Sub Type</nameOnTarget>
<optionalSource>true</optionalSource>
<optionalTarget>true</optionalTarget>
<sourceEntity>85AFC997-B3F4-EEFB-21DD-9AE2F2E8C18D</sourceEntity>
<targetEntity>64292151-7568-5C83-2BA7-E32DC2AC960B</targetEntity>
<transferable>true</transferable>
<deleteRule>NO ACTION</deleteRule>
</InheritanceRelation>